user_id,item_id,rating,timestamp
103,9,5,2023-01-29 00:00:00.000000000
349,8,1,2023-03-01 04:29:16.097560975
271,23,3,2023-08-17 18:43:54.146341464
107,29,3,2023-06-10 17:10:14.634146340
72,18,5,2023-10-14 14:26:20.487804876
189,31,4,2023-06-24 14:26:20.487804878
21,30,1,2023-08-30 07:13:10.243902436
103,39,5,2023-02-18 06:14:38.048780487
122,35,5,2023-09-30 06:14:38.048780488
215,18,1,2023-06-19 08:46:49.756097560
331,39,1,2023-02-26 05:27:48.292682927
88,17,3,2023-05-11 10:32:11.707317072
373,14,4,2023-06-19 19:42:26.341463414
100,31,4,2023-02-19 09:33:39.512195121
360,24,1,2023-02-22 08:35:07.317073170
152,35,2,2023-05-07 02:43:54.146341462
131,34,5,2023-11-15 00:23:24.878048780
150,3,5,2023-06-19 14:14:38.048780486
309,37,1,2023-08-22 13:27:48.292682924
258,40,2,2023-08-23 16:46:49.756097560
344,26,3,2023-03-06 21:04:23.414634146
294,23,1,2023-04-20 22:49:45.365853658
386,39,1,2023-06-12 01:57:04.390243902
192,15,5,2023-03-24 04:17:33.658536585
277,4,1,2023-10-05 22:49:45.365853656
161,29,1,2023-08-30 23:36:35.121951220
314,22,1,2023-11-15 16:46:49.756097560
22,25,5,2023-02-19 15:01:27.804878048
253,13,3,2023-03-01 20:52:40.975609756
236,18,3,2023-09-25 00:35:07.317073168
345,33,1,2023-12-29 15:13:10.243902436
49,16,5,2023-03-28 01:10:14.634146341
59,2,3,2023-11-20 00:35:07.317073168
170,35,3,2023-12-18 11:30:43.902439024
188,34,3,2023-06-10 00:46:49.756097560
271,30,5,2023-04-20 11:54:08.780487804
190,13,5,2023-10-25 18:08:46.829268292
175,13,1,2023-09-20 16:46:49.756097560
51,18,4,2023-04-21 04:17:33.658536584
364,32,3,2023-03-22 08:35:07.317073170
55,32,4,2023-10-20 17:57:04.390243900
244,35,5,2023-01-22 20:29:16.097560975
320,39,5,2023-06-25 01:21:57.073170730
131,29,5,2023-08-15 12:05:51.219512192
307,29,4,2023-01-08 01:21:57.073170731
135,16,5,2023-10-26 21:27:48.292682924
21,10,1,2023-02-16 10:32:11.707317073
329,30,5,2023-04-12 23:36:35.121951219
167,25,2,2023-12-27 14:02:55.609756096
274,39,4,2023-07-23 12:17:33.658536584
388,20,2,2023-11-27 23:48:17.560975608
89,5,5,2023-10-24 03:54:08.780487804
316,1,1,2023-01-13 17:57:04.390243902
14,30,3,2023-12-07 02:20:29.268292680
242,3,5,2023-07-12 14:02:55.609756096
265,14,1,2023-05-13 17:10:14.634146340
346,30,4,2023-04-29 08:58:32.195121950
53,4,2,2023-09-16 19:54:08.780487804
386,18,2,2023-02-28 01:10:14.634146341
340,37,2,2023-08-06 09:33:39.512195120
92,25,4,2023-02-09 09:10:14.634146341
367,1,1,2023-11-22 12:40:58.536585364
264,15,4,2023-02-24 09:45:21.951219512
35,9,2,2023-03-26 16:23:24.878048780
206,15,5,2023-11-26 04:05:51.219512192
81,24,3,2023-10-17 13:27:48.292682924
50,4,4,2023-01-06 05:39:30.731707317
360,12,4,2023-11-14 13:27:48.292682924
388,37,1,2023-10-02 18:20:29.268292680
2,37,1,2023-04-12 01:45:21.951219512
390,6,4,2023-06-12 18:20:29.268292682
54,39,2,2023-03-21 21:39:30.731707317
106,24,3,2023-05-30 18:55:36.585365852
260,11,1,2023-01-11 11:19:01.463414634
310,13,2,2023-09-26 14:49:45.365853656
191,34,5,2023-10-21 10:20:29.268292680
218,25,1,2023-04-22 18:32:11.707317072
44,7,2,2023-05-27 19:54:08.780487804
162,4,2,2023-06-28 16:46:49.756097560
202,8,3,2023-10-17 08:00:00.000000000
270,20,3,2023-04-24 19:42:26.341463414
351,29,5,2023-10-20 01:33:39.512195120
304,10,2,2023-10-28 17:10:14.634146340
271,34,2,2023-10-27 13:51:13.170731704
215,26,3,2023-04-27 18:43:54.146341462
252,3,1,2023-01-10 02:32:11.707317073
190,6,1,2023-05-18 06:26:20.487804878
296,5,4,2023-07-08 06:14:38.048780486
213,5,3,2023-03-09 09:10:14.634146341
208,23,4,2023-10-03 21:39:30.731707316
237,9,3,2023-08-18 00:11:42.439024388
338,35,5,2023-12-12 02:32:11.707317072
367,20,2,2023-12-05 17:33:39.512195120
53,35,5,2023-12-11 15:36:35.121951216
280,18,3,2023-03-04 19:54:08.780487805
217,17,2,2023-02-22 03:07:19.024390244
252,24,1,2023-09-27 07:13:10.243902436
188,3,1,2023-10-29 20:29:16.097560976
380,32,4,2023-01-15 02:43:54.146341463
41,35,3,2023-01-31 01:10:14.634146341
157,38,3,2023-12-16 15:48:17.560975608
15,13,1,2023-02-15 18:08:46.829268292
301,25,5,2023-10-15 01:21:57.073170732
65,9,2,2023-11-24 02:55:36.585365852
345,4,5,2023-06-08 10:32:11.707317072
327,14,5,2023-11-07 12:05:51.219512192
9,37,1,2023-02-09 20:05:51.219512195
344,34,1,2023-04-28 16:35:07.317073170
129,11,1,2023-09-10 05:27:48.292682924
136,3,4,2023-11-05 00:00:00.000000000
63,28,5,2023-05-08 06:02:55.609756096
139,29,3,2023-11-16 14:38:02.926829268
81,9,2,2023-04-26 15:24:52.682926828
392,3,4,2023-06-06 20:17:33.658536584
163,25,3,2023-10-25 12:40:58.536585364
289,34,5,2023-10-23 22:26:20.487804876
379,12,1,2023-07-18 12:05:51.219512194
261,9,5,2023-09-05 21:39:30.731707316
231,15,2,2023-08-28 16:58:32.195121952
41,40,4,2023-01-14 15:48:17.560975609
28,25,4,2023-11-25 11:42:26.341463412
135,5,2,2023-10-23 16:58:32.195121948
201,11,3,2023-01-01 10:55:36.585365853
328,34,3,2023-08-03 05:04:23.414634144
268,24,4,2023-11-16 20:05:51.219512192
33,15,4,2023-11-02 17:21:57.073170732
48,38,1,2023-09-05 10:43:54.146341464
62,8,3,2023-07-29 10:20:29.268292680
216,5,2,2023-07-02 13:39:30.731707316
293,26,3,2023-08-21 10:08:46.829268292
99,18,1,2023-01-19 05:04:23.414634146
172,6,4,2023-04-01 14:26:20.487804878
360,37,4,2023-04-17 12:52:40.975609756
214,13,1,2023-10-11 04:29:16.097560976
35,28,2,2023-10-19 14:38:02.926829268
227,5,4,2023-09-02 22:38:02.926829268
101,13,5,2023-12-23 22:38:02.926829268
131,17,4,2023-11-11 03:30:43.902439024
257,40,5,2023-08-26 10:20:29.268292680
5,32,1,2023-02-14 20:17:33.658536585
218,29,1,2023-06-21 20:52:40.975609756
255,3,4,2023-11-03 09:45:21.951219512
398,40,3,2023-06-18 10:55:36.585365852
359,34,5,2023-08-05 11:42:26.341463412
283,40,2,2023-04-02 06:49:45.365853658
393,27,4,2023-01-11 22:14:38.048780487
207,13,2,2023-11-12 23:13:10.243902436
15,33,4,2023-05-26 11:07:19.024390244
346,6,3,2023-01-23 12:52:40.975609756
42,24,3,2023-12-07 07:48:17.560975608
380,19,3,2023-05-12 13:51:13.170731706
179,16,3,2023-03-03 16:35:07.317073170
63,40,1,2023-12-06 15:24:52.682926828
352,28,1,2023-03-31 11:07:19.024390243
231,33,5,2023-06-04 13:39:30.731707316
241,13,2,2023-07-04 20:17:33.658536584
52,25,4,2023-04-25 12:05:51.219512194
96,36,4,2023-01-14 21:16:05.853658536
388,27,1,2023-05-18 00:58:32.195121950
222,38,4,2023-07-17 03:19:01.463414634
231,7,1,2023-01-14 04:52:40.975609756
237,5,5,2023-08-09 19:30:43.902439024
143,31,2,2023-01-19 21:27:48.292682926
171,23,5,2023-05-14 04:05:51.219512194
29,10,3,2023-03-15 18:08:46.829268292
36,32,3,2023-01-19 10:32:11.707317073
13,30,3,2023-02-15 01:45:21.951219512
160,39,5,2023-03-20 18:20:29.268292683
327,31,4,2023-05-16 05:16:05.853658536
187,18,2,2023-12-25 18:20:29.268292680
243,36,3,2023-11-03 20:40:58.536585364
86,2,3,2023-02-27 14:14:38.048780488
284,14,3,2023-05-25 07:48:17.560975610
66,13,2,2023-04-18 10:43:54.146341462
170,29,3,2023-02-24 20:40:58.536585366
45,12,2,2023-03-22 03:07:19.024390244
62,39,3,2023-06-18 05:27:48.292682926
134,2,5,2023-01-21 00:46:49.756097561
284,32,5,2023-02-05 12:17:33.658536585
28,13,2,2023-05-18 11:54:08.780487804
108,27,5,2023-07-21 22:02:55.609756096
44,17,2,2023-03-14 03:54:08.780487805
340,40,5,2023-12-23 17:10:14.634146340
286,31,5,2023-03-12 19:07:19.024390244
331,34,2,2023-01-06 00:11:42.439024390
128,24,4,2023-07-10 07:24:52.682926828
348,35,5,2023-09-22 12:29:16.097560976
231,6,3,2023-08-02 01:45:21.951219512
190,19,4,2023-03-24 20:40:58.536585365
225,30,2,2023-10-02 23:48:17.560975608
385,7,4,2023-11-28 05:16:05.853658536
377,10,1,2023-06-16 20:40:58.536585366
283,32,1,2023-07-15 18:32:11.707317072
121,34,5,2023-08-15 17:33:39.512195120
116,28,5,2023-12-14 14:38:02.926829268
233,15,3,2023-09-14 07:48:17.560975608
259,30,4,2023-07-24 10:08:46.829268292
359,37,1,2023-05-28 01:21:57.073170730
198,29,5,2023-10-28 00:46:49.756097560
137,22,4,2023-01-03 06:38:02.926829268
318,4,5,2023-03-07 18:55:36.585365853
165,20,5,2023-07-17 14:14:38.048780486
225,32,1,2023-10-27 08:23:24.878048780
307,36,1,2023-10-02 12:52:40.975609756
234,4,5,2023-04-15 06:14:38.048780488
172,27,2,2023-12-25 12:52:40.975609756
152,17,5,2023-12-04 08:46:49.756097560
315,12,5,2023-01-22 09:33:39.512195121
374,22,3,2023-05-13 00:46:49.756097560
160,17,3,2023-01-17 14:49:45.365853658
96,10,3,2023-11-06 14:14:38.048780488
233,1,2,2023-03-11 15:48:17.560975609
180,22,2,2023-10-07 02:08:46.829268292
113,26,5,2023-09-30 00:46:49.756097560
318,18,3,2023-05-21 05:27:48.292682926
52,14,2,2023-01-01 05:27:48.292682926
268,29,1,2023-06-23 16:35:07.317073170
295,12,5,2023-08-07 23:48:17.560975608
386,36,4,2023-09-10 10:55:36.585365852
387,35,5,2023-10-07 13:04:23.414634144
113,12,4,2023-12-08 05:39:30.731707316
101,7,3,2023-01-16 11:30:43.902439024
113,29,4,2023-05-31 22:14:38.048780488
81,11,3,2023-09-02 11:42:26.341463412
187,33,1,2023-07-08 11:42:26.341463414
113,6,4,2023-11-26 09:33:39.512195120
2,15,5,2023-05-31 11:19:01.463414634
130,32,3,2023-02-17 08:23:24.878048780
220,11,5,2023-01-30 19:42:26.341463414
54,23,2,2023-07-03 06:02:55.609756096
343,26,3,2023-05-15 23:48:17.560975610
224,34,4,2023-08-20 23:13:10.243902436
225,34,3,2023-07-18 17:33:39.512195120
385,29,5,2023-03-30 07:48:17.560975609
126,4,1,2023-02-13 06:02:55.609756097
130,17,3,2023-11-02 00:58:32.195121948
53,35,4,2023-06-10 06:14:38.048780488
172,13,2,2023-02-20 12:52:40.975609756
218,39,1,2023-11-30 06:26:20.487804876
160,15,2,2023-10-14 08:58:32.195121948
198,29,3,2023-08-25 12:29:16.097560976
247,29,5,2023-07-11 16:11:42.439024390
324,11,5,2023-11-20 22:26:20.487804876
203,32,4,2023-09-18 15:36:35.121951220
184,2,5,2023-01-03 01:10:14.634146341
123,14,1,2023-02-23 00:58:32.195121951
255,20,5,2023-05-09 20:17:33.658536584
294,22,4,2023-05-08 11:30:43.902439024
280,11,3,2023-02-23 06:26:20.487804878
325,27,3,2023-12-15 12:29:16.097560972
372,3,5,2023-11-10 05:39:30.731707316
98,17,2,2023-07-01 15:48:17.560975608
198,28,3,2023-11-20 06:02:55.609756096
395,29,5,2023-04-14 13:51:13.170731707
240,21,4,2023-07-10 23:48:17.560975608
144,16,5,2023-12-29 04:17:33.658536584
97,37,3,2023-10-10 23:01:27.804878048
201,20,4,2023-08-27 08:11:42.439024388
124,6,5,2023-03-16 16:00:00.000000000
187,19,1,2023-12-15 07:01:27.804878048
326,5,4,2023-06-14 08:35:07.317073170
349,3,1,2023-07-29 15:48:17.560975608
259,1,2,2023-09-10 21:51:13.170731708
148,38,4,2023-08-08 05:16:05.853658536
252,15,1,2023-06-05 06:02:55.609756096
346,34,3,2023-08-15 06:38:02.926829268
147,35,3,2023-04-10 00:35:07.317073170
148,25,2,2023-07-14 04:17:33.658536584
352,24,4,2023-02-04 14:26:20.487804878
199,12,4,2023-04-08 15:48:17.560975609
308,18,4,2023-07-09 04:05:51.219512194
128,15,2,2023-09-27 18:08:46.829268292
39,16,4,2023-07-16 00:00:00.000000000
338,27,3,2023-09-01 02:55:36.585365852
360,8,1,2023-09-25 11:30:43.902439024
129,25,3,2023-05-23 06:38:02.926829268
267,17,3,2023-10-30 23:48:17.560975608
151,29,1,2023-07-04 14:49:45.365853658
298,8,3,2023-12-06 04:29:16.097560972
99,15,2,2023-11-09 13:16:05.853658536
263,27,1,2023-12-27 19:30:43.902439024
252,7,3,2023-05-27 03:30:43.902439024
144,3,5,2023-01-09 10:08:46.829268292
346,29,3,2023-09-20 05:51:13.170731704
112,24,2,2023-05-08 16:58:32.195121950
60,3,4,2023-09-11 19:42:26.341463412
369,20,3,2023-10-09 19:42:26.341463412
2,15,4,2023-09-13 09:57:04.390243900
385,25,5,2023-04-02 12:17:33.658536585
304,30,3,2023-10-10 06:38:02.926829268
254,14,1,2023-05-02 02:32:11.707317072
140,7,4,2023-05-24 09:57:04.390243902
37,17,5,2023-08-05 06:14:38.048780488
160,20,1,2023-05-25 18:43:54.146341462
9,36,1,2023-11-22 23:36:35.121951216
233,9,1,2023-06-27 18:55:36.585365852
99,38,1,2023-09-07 22:49:45.365853656
147,22,3,2023-07-05 01:45:21.951219512
304,2,3,2023-08-21 21:04:23.414634144
208,24,3,2023-12-27 08:35:07.317073168
131,8,5,2023-06-23 22:02:55.609756096
152,11,5,2023-06-22 18:43:54.146341462
54,13,5,2023-04-01 03:30:43.902439024
120,17,2,2023-09-13 15:24:52.682926828
161,8,5,2023-10-23 06:02:55.609756096
116,21,3,2023-05-02 18:55:36.585365854
75,18,3,2023-02-08 11:19:01.463414634
113,30,2,2023-04-19 08:35:07.317073170
104,18,2,2023-07-16 21:51:13.170731706
340,31,5,2023-07-30 08:11:42.439024388
254,38,4,2023-11-25 06:14:38.048780488
227,32,2,2023-11-13 21:04:23.414634144
112,11,1,2023-10-04 14:02:55.609756096
99,25,3,2023-11-04 02:08:46.829268292
153,33,1,2023-12-12 13:27:48.292682924
349,38,3,2023-10-18 05:51:13.170731704
384,8,3,2023-02-05 17:45:21.951219512
366,11,2,2023-08-21 15:36:35.121951220
338,22,2,2023-01-26 22:49:45.365853658
194,24,1,2023-05-03 11:19:01.463414634
310,17,3,2023-05-21 16:23:24.878048780
163,12,1,2023-01-15 13:39:30.731707317
208,32,4,2023-11-30 00:58:32.195121948
169,15,1,2023-12-20 01:45:21.951219512
161,16,5,2023-03-05 23:13:10.243902439
68,22,1,2023-04-13 10:32:11.707317073
289,28,5,2023-11-16 09:10:14.634146340
398,20,5,2023-02-23 11:54:08.780487805
277,33,5,2023-11-12 01:21:57.073170732
304,10,4,2023-11-08 04:29:16.097560976
384,40,1,2023-09-17 12:17:33.658536584
392,32,1,2023-11-30 17:21:57.073170732
135,33,4,2023-09-13 20:52:40.975609756
195,2,3,2023-12-21 16:00:00.000000000
128,33,2,2023-06-24 19:54:08.780487804
33,33,1,2023-03-20 12:52:40.975609756
176,13,2,2023-05-16 16:11:42.439024390
371,30,4,2023-07-15 07:36:35.121951218
375,33,3,2023-01-18 23:36:35.121951219
22,13,3,2023-02-08 00:23:24.878048780
238,26,3,2023-01-29 16:23:24.878048780
158,22,4,2023-09-10 16:23:24.878048780
38,39,5,2023-09-04 07:24:52.682926828
230,2,5,2023-01-09 04:40:58.536585365
365,38,2,2023-11-10 11:07:19.024390244
51,39,5,2023-01-29 10:55:36.585365853
264,26,5,2023-05-05 12:29:16.097560974
283,15,3,2023-02-10 17:57:04.390243902
27,34,3,2023-01-07 03:30:43.902439024
226,40,2,2023-03-07 13:27:48.292682926
277,11,1,2023-05-10 01:45:21.951219512
286,3,2,2023-04-17 18:20:29.268292682
97,6,2,2023-03-31 16:35:07.317073170
284,9,4,2023-08-15 01:10:14.634146340
367,6,4,2023-03-28 06:38:02.926829268
317,9,2,2023-06-02 17:57:04.390243902
304,39,2,2023-02-04 03:30:43.902439024
147,31,2,2023-02-18 11:42:26.341463414
4,32,5,2023-01-12 09:10:14.634146341
35,12,4,2023-06-15 06:26:20.487804878
192,8,2,2023-02-22 19:30:43.902439024
49,8,3,2023-02-18 22:38:02.926829268
17,28,3,2023-04-28 00:11:42.439024390
172,20,5,2023-01-03 23:01:27.804878048
220,7,5,2023-11-28 16:11:42.439024388
158,11,1,2023-06-06 14:49:45.365853658
46,20,1,2023-03-12 02:43:54.146341463
373,16,1,2023-10-21 15:48:17.560975608
6,4,5,2023-10-29 04:05:51.219512192
99,6,5,2023-05-07 13:39:30.731707316
380,22,5,2023-04-15 00:46:49.756097560
233,26,3,2023-10-15 12:17:33.658536584
37,3,5,2023-01-26 17:21:57.073170731
280,14,3,2023-08-23 22:14:38.048780488
349,11,1,2023-04-02 17:45:21.951219512
302,18,1,2023-09-12 12:05:51.219512192
181,12,1,2023-11-05 05:27:48.292682924
95,23,2,2023-03-10 07:01:27.804878048
99,12,2,2023-06-24 08:58:32.195121950
188,13,4,2023-03-28 17:33:39.512195122
116,25,4,2023-07-13 11:54:08.780487804
191,19,4,2023-03-18 17:10:14.634146341
253,36,2,2023-05-28 06:49:45.365853658
161,8,2,2023-10-02 01:57:04.390243900
256,29,4,2023-06-08 05:04:23.414634146
323,32,4,2023-12-09 08:58:32.195121948
128,18,5,2023-05-28 23:13:10.243902438
18,6,4,2023-01-22 04:05:51.219512195
281,18,5,2023-10-10 17:33:39.512195120
223,19,3,2023-04-16 20:29:16.097560976
54,22,2,2023-03-15 07:13:10.243902439
58,37,4,2023-02-26 10:55:36.585365853
323,32,2,2023-07-31 11:30:43.902439024
360,3,2,2023-01-16 06:02:55.609756097
174,28,2,2023-05-24 15:24:52.682926828
280,10,3,2023-06-01 14:38:02.926829268
114,35,1,2023-06-05 22:26:20.487804878
288,29,4,2023-10-30 01:57:04.390243900
342,15,1,2023-10-30 07:24:52.682926828
151,33,1,2023-05-02 13:27:48.292682926
127,7,1,2023-10-16 04:40:58.536585364
155,12,2,2023-07-10 18:20:29.268292682
386,30,5,2023-01-21 17:10:14.634146341
273,21,2,2023-03-14 09:21:57.073170731
104,31,2,2023-12-13 22:14:38.048780488
393,24,1,2023-08-18 05:39:30.731707316
299,20,2,2023-03-06 10:08:46.829268292
246,37,1,2023-04-05 22:14:38.048780487
176,4,5,2023-06-07 12:40:58.536585366
39,28,4,2023-08-26 15:48:17.560975608
170,20,1,2023-09-25 06:02:55.609756096
247,24,5,2023-01-04 20:52:40.975609756
26,32,4,2023-11-01 19:30:43.902439024
355,36,3,2023-04-27 07:48:17.560975610
306,34,1,2023-06-09 08:23:24.878048780
13,36,1,2023-03-05 06:49:45.365853658
316,2,3,2023-09-04 23:48:17.560975608
391,15,3,2023-09-03 04:05:51.219512192
313,34,1,2023-09-06 19:30:43.902439024
36,36,3,2023-02-04 19:54:08.780487804
173,6,2,2023-11-11 14:26:20.487804876
20,39,4,2023-10-18 16:46:49.756097560
321,12,4,2023-07-12 19:30:43.902439024
264,3,4,2023-05-15 18:20:29.268292682
400,18,2,2023-12-19 14:49:45.365853656
142,40,3,2023-06-07 01:45:21.951219512
371,21,5,2023-08-01 09:21:57.073170732
143,15,3,2023-02-17 02:55:36.585365853
92,33,1,2023-08-16 15:24:52.682926828
354,35,4,2023-01-01 00:00:00.000000000
322,26,3,2023-04-08 04:52:40.975609756
288,8,5,2023-09-09 07:36:35.121951220
215,36,1,2023-08-19 14:26:20.487804876
342,30,2,2023-07-05 07:13:10.243902438
51,23,2,2023-04-07 12:29:16.097560975
153,14,5,2023-12-28 00:58:32.195121948
186,14,1,2023-08-27 19:07:19.024390244
63,2,4,2023-06-05 11:30:43.902439024
190,37,3,2023-01-04 04:29:16.097560975
125,5,1,2023-09-15 16:35:07.317073168
150,38,2,2023-10-24 20:17:33.658536584
314,14,5,2023-05-22 14:14:38.048780488
58,39,5,2023-08-02 12:40:58.536585364
342,25,3,2023-09-02 00:46:49.756097560
305,20,5,2023-06-30 12:29:16.097560974
180,2,5,2023-03-17 13:51:13.170731707
170,39,1,2023-07-31 16:58:32.195121952
326,6,4,2023-03-19 20:29:16.097560975
271,17,3,2023-09-22 01:33:39.512195120
54,25,1,2023-08-17 02:20:29.268292680
101,28,4,2023-11-15 11:19:01.463414632
264,2,1,2023-04-23 21:51:13.170731706
53,35,1,2023-09-19 13:27:48.292682924
60,37,5,2023-02-09 14:38:02.926829268
108,5,4,2023-07-06 10:32:11.707317072
5,1,3,2023-09-27 12:40:58.536585364
103,40,3,2023-11-18 10:20:29.268292680
196,12,4,2023-03-31 00:11:42.439024390
262,36,5,2023-01-16 00:35:07.317073170
365,23,2,2023-08-06 04:05:51.219512196
372,31,1,2023-12-08 22:02:55.609756096
350,11,5,2023-06-06 03:54:08.780487804
47,10,4,2023-10-22 08:11:42.439024388
355,3,1,2023-11-19 02:43:54.146341460
311,14,3,2023-06-27 08:00:00.000000000
308,16,2,2023-09-15 11:07:19.024390244
144,10,3,2023-01-08 17:45:21.951219512
269,29,4,2023-09-24 02:43:54.146341464
370,10,1,2023-06-13 10:43:54.146341462
124,12,4,2023-06-10 22:38:02.926829268
106,30,1,2023-03-02 07:48:17.560975609
158,1,5,2023-08-03 21:27:48.292682924
147,5,2,2023-12-10 01:21:57.073170728
145,20,5,2023-06-20 12:05:51.219512194
120,8,5,2023-06-29 20:05:51.219512194
319,12,4,2023-11-11 08:58:32.195121948
275,1,2,2023-11-10 22:02:55.609756096
92,20,1,2023-05-09 03:54:08.780487804
58,28,1,2023-05-28 17:45:21.951219512
346,37,3,2023-03-08 22:14:38.048780487
229,37,1,2023-07-11 10:43:54.146341462
117,12,4,2023-05-16 21:39:30.731707316
318,37,5,2023-06-01 03:42:26.341463414
279,28,5,2023-08-28 22:26:20.487804876
127,15,5,2023-12-14 03:42:26.341463412
393,6,2,2023-11-05 16:23:24.878048780
396,20,1,2023-02-14 14:49:45.365853658
129,14,4,2023-09-14 13:16:05.853658536
58,2,2,2023-11-13 15:36:35.121951216
122,9,3,2023-09-15 22:02:55.609756096
1,37,4,2023-08-07 12:52:40.975609756
239,20,4,2023-05-24 20:52:40.975609756
290,26,4,2023-05-04 20:05:51.219512194
96,29,5,2023-03-02 02:20:29.268292683
126,1,4,2023-04-09 08:11:42.439024390
118,35,1,2023-01-27 20:40:58.536585365
48,6,4,2023-02-10 12:29:16.097560975
89,37,5,2023-06-02 01:33:39.512195122
237,5,4,2023-08-18 16:35:07.317073168
373,33,3,2023-04-04 13:27:48.292682926
385,14,3,2023-02-07 18:55:36.585365853
272,12,5,2023-09-24 13:39:30.731707316
189,20,1,2023-10-28 06:14:38.048780488
192,24,1,2023-08-13 21:51:13.170731708
69,34,2,2023-06-21 04:29:16.097560974
278,25,5,2023-01-13 07:01:27.804878048
349,29,4,2023-01-20 02:55:36.585365853
247,39,5,2023-07-15 13:04:23.414634146
76,31,2,2023-09-03 09:33:39.512195120
154,23,5,2023-01-06 11:07:19.024390243
144,38,5,2023-04-07 17:57:04.390243902
86,20,2,2023-01-31 06:38:02.926829268
185,23,1,2023-05-05 01:33:39.512195122
285,16,4,2023-06-25 17:45:21.951219512
220,8,2,2023-04-13 05:04:23.414634146
69,21,3,2023-07-03 00:35:07.317073170
47,1,1,2023-01-23 01:57:04.390243902
94,8,3,2023-02-14 09:21:57.073170731
238,29,1,2023-03-27 19:42:26.341463414
204,32,4,2023-06-26 04:40:58.536585364
400,38,4,2023-02-12 02:43:54.146341463
218,5,5,2023-11-25 00:46:49.756097560
341,22,3,2023-09-25 22:26:20.487804876
39,34,1,2023-08-06 15:01:27.804878048
100,1,4,2023-02-28 17:33:39.512195122
289,26,2,2023-03-04 03:30:43.902439024
254,10,4,2023-02-08 22:14:38.048780487
222,30,2,2023-04-21 15:13:10.243902438
357,18,1,2023-10-29 15:01:27.804878048
23,17,4,2023-01-27 09:45:21.951219512
250,26,4,2023-02-06 10:08:46.829268292
10,8,1,2023-12-03 16:23:24.878048780
246,40,4,2023-11-06 08:46:49.756097560
325,12,2,2023-07-31 06:02:55.609756096
100,27,4,2023-02-05 01:21:57.073170731
290,8,3,2023-07-07 02:55:36.585365852
180,25,5,2023-02-21 21:39:30.731707317
223,4,2,2023-01-08 06:49:45.365853658
394,33,3,2023-03-23 00:58:32.195121951
250,1,1,2023-01-23 18:20:29.268292682
147,19,2,2023-09-28 21:27:48.292682924
96,31,5,2023-09-27 01:45:21.951219512
257,16,5,2023-10-01 15:01:27.804878048
325,14,1,2023-07-21 05:39:30.731707316
4,5,1,2023-04-11 09:21:57.073170731
16,26,2,2023-12-06 20:52:40.975609756
280,28,4,2023-02-28 06:38:02.926829268
336,2,1,2023-08-26 04:52:40.975609756
247,6,4,2023-04-14 08:23:24.878048780
258,9,3,2023-02-27 19:42:26.341463414
384,33,5,2023-08-25 01:33:39.512195120
160,25,4,2023-07-28 12:29:16.097560976
340,13,5,2023-02-20 07:24:52.682926829
152,9,4,2023-03-02 18:43:54.146341463
396,13,3,2023-07-24 21:04:23.414634146
178,31,1,2023-01-15 19:07:19.024390243
163,11,3,2023-11-02 06:26:20.487804876
380,4,1,2023-10-06 20:40:58.536585364
33,34,1,2023-05-04 03:42:26.341463414
179,38,5,2023-04-22 02:08:46.829268292
101,4,3,2023-08-19 19:54:08.780487804
268,38,4,2023-08-29 20:17:33.658536584
323,19,3,2023-06-05 00:35:07.317073170
65,6,5,2023-10-07 07:36:35.121951220
168,34,1,2023-11-03 04:17:33.658536584
330,18,5,2023-06-17 07:36:35.121951218
43,13,2,2023-01-07 19:54:08.780487804
44,23,2,2023-08-02 18:08:46.829268292
285,19,4,2023-05-20 02:08:46.829268292
397,11,5,2023-09-22 07:01:27.804878048
12,1,4,2023-06-28 00:23:24.878048780
95,24,4,2023-04-04 18:55:36.585365853
302,7,2,2023-06-19 03:19:01.463414634
386,25,4,2023-07-06 16:00:00.000000000
253,21,2,2023-03-27 14:14:38.048780487
242,15,1,2023-05-04 14:38:02.926829268
35,1,5,2023-11-14 18:55:36.585365852
215,12,4,2023-03-08 05:51:13.170731707
337,7,2,2023-08-25 07:01:27.804878048
90,15,3,2023-09-28 10:32:11.707317072
264,21,4,2023-08-04 08:23:24.878048780
93,19,1,2023-11-08 20:52:40.975609756
90,29,1,2023-02-10 07:01:27.804878048
115,25,3,2023-08-30 18:08:46.829268292
105,33,2,2023-01-16 22:26:20.487804878
391,32,4,2023-05-15 12:52:40.975609756
196,35,2,2023-05-27 08:58:32.195121950
314,38,1,2023-04-25 01:10:14.634146340
114,26,2,2023-10-13 11:07:19.024390244
75,11,1,2023-04-28 05:39:30.731707316
376,35,2,2023-12-01 04:17:33.658536584
217,8,3,2023-04-27 13:16:05.853658536
277,14,5,2023-12-26 10:43:54.146341460
249,10,3,2023-12-01 15:13:10.243902436
164,2,3,2023-10-06 04:17:33.658536584
394,9,5,2023-03-30 18:43:54.146341463
357,3,5,2023-10-11 15:24:52.682926828
192,21,4,2023-03-16 21:27:48.292682926
227,26,4,2023-02-08 05:51:13.170731707
177,8,3,2023-08-08 21:39:30.731707316
99,2,3,2023-04-28 22:02:55.609756096
36,6,1,2023-11-09 18:43:54.146341460
96,28,1,2023-10-11 20:52:40.975609756
152,29,4,2023-10-27 02:55:36.585365852
151,26,4,2023-03-14 14:49:45.365853658
190,25,1,2023-12-11 21:04:23.414634144
224,12,1,2023-11-17 17:57:04.390243900
37,5,2,2023-02-25 07:36:35.121951219
268,34,2,2023-08-01 03:54:08.780487804
369,37,1,2023-05-11 21:27:48.292682926
183,15,2,2023-10-18 11:19:01.463414632
13,36,5,2023-07-26 16:46:49.756097560
279,15,4,2023-04-26 04:29:16.097560976
217,23,4,2023-03-23 06:26:20.487804878
355,6,1,2023-02-19 04:05:51.219512195
361,21,3,2023-01-18 18:08:46.829268292
286,23,1,2023-01-21 22:38:02.926829268
273,16,2,2023-12-05 06:38:02.926829268
369,15,3,2023-04-05 00:23:24.878048780
62,25,2,2023-11-12 12:17:33.658536584
84,36,5,2023-07-09 09:33:39.512195120
368,11,2,2023-05-05 07:01:27.804878048
217,15,5,2023-03-17 19:19:01.463414634
342,4,5,2023-09-19 02:32:11.707317072
397,21,2,2023-04-17 01:57:04.390243902
187,13,2,2023-05-03 22:14:38.048780488
19,22,5,2023-09-18 10:08:46.829268292
177,19,3,2023-05-03 05:51:13.170731706
100,34,5,2023-03-13 00:35:07.317073170
396,14,4,2023-08-14 03:19:01.463414632
233,4,5,2023-05-03 16:46:49.756097560
76,27,3,2023-11-28 21:39:30.731707316
265,29,4,2023-09-23 04:52:40.975609756
284,28,1,2023-02-18 17:10:14.634146341
206,35,1,2023-04-10 11:30:43.902439024
223,8,3,2023-12-04 03:19:01.463414632
384,16,5,2023-09-08 15:13:10.243902436
52,36,2,2023-05-25 02:20:29.268292682
339,30,3,2023-10-05 00:58:32.195121948
367,18,4,2023-01-02 08:46:49.756097560
144,2,4,2023-03-11 04:52:40.975609756
373,13,1,2023-09-03 15:01:27.804878048
69,4,4,2023-01-17 20:17:33.658536585
99,26,3,2023-02-28 23:01:27.804878048
396,25,4,2023-10-31 10:43:54.146341460
25,30,3,2023-08-12 13:04:23.414634144
379,11,2,2023-12-29 20:40:58.536585364
53,7,1,2023-01-27 15:13:10.243902439
151,31,4,2023-09-20 11:19:01.463414632
144,10,3,2023-06-18 16:23:24.878048780
57,39,5,2023-10-09 08:46:49.756097560
39,13,1,2023-05-17 08:35:07.317073170
109,31,2,2023-01-11 05:51:13.170731707
181,7,3,2023-07-16 16:23:24.878048780
42,36,2,2023-05-23 23:01:27.804878048
186,20,2,2023-05-08 22:26:20.487804878
398,4,4,2023-05-29 04:40:58.536585366
223,7,4,2023-03-15 12:40:58.536585365
122,1,3,2023-06-26 10:08:46.829268292
133,13,5,2023-03-23 11:54:08.780487804
163,22,3,2023-03-02 13:16:05.853658536
215,21,5,2023-03-01 15:24:52.682926829
221,22,2,2023-08-25 17:57:04.390243900
235,28,1,2023-06-07 23:36:35.121951218
331,9,3,2023-10-19 03:42:26.341463412
146,26,3,2023-12-02 18:32:11.707317072
239,9,5,2023-02-22 14:02:55.609756097
76,15,2,2023-05-12 02:55:36.585365852
9,10,2,2023-12-25 01:57:04.390243900
74,24,5,2023-03-25 18:32:11.707317073
253,8,2,2023-04-12 18:08:46.829268292
230,24,4,2023-03-04 08:58:32.195121951
7,16,1,2023-08-15 23:01:27.804878048
174,26,3,2023-12-07 13:16:05.853658536
141,27,1,2023-04-29 19:54:08.780487804
168,37,3,2023-04-04 08:00:00.000000000
170,4,4,2023-01-10 08:00:00.000000000
393,24,2,2023-06-01 09:10:14.634146340
283,19,5,2023-04-10 16:58:32.195121951
122,36,4,2023-02-16 21:27:48.292682926
194,39,1,2023-08-02 23:36:35.121951220
5,10,5,2023-05-06 04:52:40.975609756
29,25,2,2023-08-14 14:14:38.048780488
165,18,4,2023-07-02 02:43:54.146341462
339,19,5,2023-01-05 07:48:17.560975609
136,36,4,2023-12-03 10:55:36.585365852
365,10,4,2023-01-18 07:13:10.243902439
321,33,2,2023-03-09 20:05:51.219512195
342,5,3,2023-10-02 07:24:52.682926828
145,35,5,2023-05-23 12:05:51.219512194
327,34,2,2023-02-15 07:13:10.243902439
217,33,4,2023-02-17 19:19:01.463414634
301,21,2,2023-10-09 14:14:38.048780488
132,17,3,2023-08-13 16:23:24.878048780
292,22,5,2023-01-12 14:38:02.926829268
70,37,3,2023-06-22 02:20:29.268292682
252,15,1,2023-01-20 08:23:24.878048780
275,35,5,2023-08-04 19:19:01.463414632
364,28,3,2023-06-12 12:52:40.975609756
182,7,4,2023-12-24 04:05:51.219512192
167,32,5,2023-07-23 17:45:21.951219512
91,11,5,2023-07-03 11:30:43.902439024
202,10,2,2023-01-23 23:48:17.560975609
346,9,4,2023-02-25 02:08:46.829268292
19,14,1,2023-12-24 20:29:16.097560972
39,13,3,2023-07-12 08:35:07.317073170
126,25,2,2023-12-05 12:05:51.219512192
173,2,3,2023-05-22 03:19:01.463414634
141,35,1,2023-02-18 00:46:49.756097560
242,7,1,2023-02-16 05:04:23.414634146
220,21,5,2023-03-24 15:13:10.243902439
126,18,1,2023-04-18 21:39:30.731707316
58,3,3,2023-06-11 04:05:51.219512194
148,39,4,2023-10-03 16:11:42.439024388
317,11,4,2023-12-16 21:16:05.853658536
383,39,5,2023-01-30 14:14:38.048780487
361,24,3,2023-06-02 23:24:52.682926828
1,19,3,2023-01-26 06:26:20.487804878
387,4,1,2023-01-07 08:58:32.195121951
348,26,3,2023-12-10 12:17:33.658536584
190,38,2,2023-06-20 01:10:14.634146340
191,32,1,2023-06-10 11:42:26.341463414
369,39,2,2023-09-07 00:58:32.195121948
312,36,5,2023-10-10 01:10:14.634146340
117,40,4,2023-04-10 06:02:55.609756097
134,37,5,2023-11-10 00:11:42.439024388
58,33,4,2023-02-13 16:58:32.195121951
44,36,5,2023-10-05 11:54:08.780487804
173,3,3,2023-05-01 21:04:23.414634146
160,9,2,2023-10-08 00:00:00.000000000
173,8,4,2023-04-30 23:13:10.243902438
317,33,1,2023-06-15 22:49:45.365853658
303,6,2,2023-09-01 19:19:01.463414632
149,39,1,2023-03-20 01:57:04.390243902
80,4,2,2023-05-09 14:49:45.365853658
374,13,2,2023-08-09 08:35:07.317073168
213,2,5,2023-09-15 00:11:42.439024388
203,5,4,2023-10-15 17:45:21.951219512
252,27,4,2023-05-26 16:35:07.317073170
229,32,2,2023-12-29 09:45:21.951219512
164,21,3,2023-08-28 00:35:07.317073168
227,8,3,2023-11-21 14:49:45.365853656
147,38,1,2023-06-16 04:17:33.658536584
20,8,1,2023-04-26 09:57:04.390243902
47,3,5,2023-07-27 20:05:51.219512194
233,3,2,2023-04-03 21:04:23.414634146
305,22,1,2023-04-27 02:20:29.268292682
14,6,1,2023-03-15 23:36:35.121951219
143,2,2,2023-09-02 17:10:14.634146340
1,23,5,2023-05-27 14:26:20.487804878
373,2,1,2023-03-08 00:23:24.878048780
54,38,5,2023-06-14 14:02:55.609756096
374,17,4,2023-09-09 02:08:46.829268292
259,35,5,2023-02-13 00:35:07.317073170
144,34,3,2023-01-25 19:30:43.902439024
12,23,3,2023-12-30 18:32:11.707317072
330,30,5,2023-04-19 03:07:19.024390244
224,8,3,2023-09-25 16:58:32.195121948
272,22,4,2023-12-07 18:43:54.146341460
358,36,2,2023-07-31 00:35:07.317073168
156,5,3,2023-01-10 13:27:48.292682926
373,13,3,2023-08-24 14:38:02.926829268
8,29,5,2023-05-21 00:00:00.000000000
122,31,4,2023-03-26 10:55:36.585365853
348,16,2,2023-12-03 05:27:48.292682924
164,30,5,2023-05-19 15:13:10.243902438
90,16,5,2023-07-25 02:32:11.707317072
136,12,4,2023-12-09 14:26:20.487804876
186,17,2,2023-12-16 10:20:29.268292680
316,16,4,2023-06-04 19:07:19.024390244
178,12,2,2023-04-02 01:21:57.073170731
28,8,4,2023-09-29 08:23:24.878048780
220,20,5,2023-07-07 08:23:24.878048780
357,3,5,2023-05-07 19:07:19.024390244
41,16,1,2023-12-10 06:49:45.365853656
228,30,3,2023-03-13 22:26:20.487804878
192,23,4,2023-02-02 02:20:29.268292683
145,28,1,2023-09-09 18:32:11.707317072
201,40,3,2023-12-04 19:42:26.341463412
212,5,4,2023-03-31 22:02:55.609756097
220,20,2,2023-10-01 09:33:39.512195120
240,40,3,2023-09-06 03:07:19.024390244
397,1,5,2023-08-13 10:55:36.585365852
46,30,1,2023-04-15 22:38:02.926829268
35,21,3,2023-06-21 15:24:52.682926828
253,20,3,2023-11-13 04:40:58.536585364
390,6,5,2023-10-20 07:01:27.804878048
82,22,4,2023-04-13 15:59:59.999999999
371,18,2,2023-12-02 02:08:46.829268292
256,8,5,2023-08-23 11:19:01.463414632
197,39,2,2023-01-28 18:32:11.707317073
303,32,4,2023-04-20 00:58:32.195121950
10,33,3,2023-09-17 06:49:45.365853656
312,16,2,2023-10-13 05:39:30.731707316
286,12,1,2023-12-03 00:00:00.000000000
242,38,1,2023-10-20 12:29:16.097560976
251,34,5,2023-11-28 10:43:54.146341460
365,14,4,2023-08-31 16:00:00.000000000
5,36,5,2023-12-18 06:02:55.609756096
119,33,5,2023-06-15 17:21:57.073170730
289,23,5,2023-04-10 22:26:20.487804878
374,2,1,2023-03-22 19:30:43.902439024
65,21,1,2023-11-23 10:32:11.707317072
146,2,5,2023-02-16 16:00:00.000000000
224,27,1,2023-10-08 16:23:24.878048780
239,9,4,2023-04-06 09:10:14.634146341
177,1,5,2023-09-03 20:29:16.097560976
267,11,1,2023-01-08 23:13:10.243902439
341,3,2,2023-09-11 14:14:38.048780488
282,23,5,2023-09-11 08:46:49.756097560
63,26,5,2023-03-17 08:23:24.878048780
217,4,4,2023-03-13 06:02:55.609756097
342,18,3,2023-01-29 21:51:13.170731707
315,6,3,2023-10-11 09:57:04.390243900
283,35,4,2023-06-15 11:54:08.780487804
177,22,4,2023-09-18 21:04:23.414634144
98,15,4,2023-05-22 08:46:49.756097560
105,22,3,2023-03-05 12:17:33.658536585
99,37,4,2023-09-08 09:45:21.951219512
385,12,1,2023-03-19 04:05:51.219512195
311,38,5,2023-12-31 00:00:00.000000000
6,18,5,2023-05-20 07:36:35.121951218
197,35,2,2023-04-30 01:21:57.073170732
351,30,2,2023-04-30 17:45:21.951219512
133,24,5,2023-08-20 12:17:33.658536584
358,30,1,2023-11-26 20:29:16.097560972
259,14,3,2023-01-18 12:40:58.536585365
23,6,3,2023-05-10 07:13:10.243902438
53,3,1,2023-06-02 12:29:16.097560974
165,16,3,2023-07-25 18:55:36.585365852
202,7,4,2023-04-03 15:36:35.121951219
83,14,5,2023-06-03 15:48:17.560975608
145,9,5,2023-05-25 13:16:05.853658536
85,15,1,2023-04-09 19:07:19.024390243
78,21,3,2023-07-26 22:14:38.048780486
366,35,2,2023-05-12 08:23:24.878048780
1,2,2,2023-01-14 10:20:29.268292682
51,27,3,2023-01-09 15:36:35.121951219
173,2,2,2023-06-29 03:42:26.341463414
205,35,1,2023-12-27 03:07:19.024390244
260,18,1,2023-12-13 00:23:24.878048780
369,14,3,2023-04-25 17:33:39.512195122
288,20,2,2023-04-29 14:26:20.487804878
34,18,1,2023-09-21 03:42:26.341463412
348,10,1,2023-05-14 15:01:27.804878048
95,25,4,2023-01-17 09:21:57.073170731
72,2,4,2023-11-17 07:01:27.804878048
39,25,1,2023-08-27 02:43:54.146341464
154,33,3,2023-03-15 01:45:21.951219512
250,36,5,2023-05-17 14:02:55.609756096
162,31,5,2023-04-18 16:11:42.439024390
118,14,1,2023-02-06 04:40:58.536585365
259,1,1,2023-10-28 11:42:26.341463412
379,16,1,2023-03-18 06:14:38.048780487
306,3,3,2023-05-06 15:48:17.560975610
268,35,4,2023-08-28 11:30:43.902439024
54,6,1,2023-09-26 09:21:57.073170732
236,25,1,2023-09-30 22:38:02.926829268
389,13,2,2023-04-17 07:24:52.682926828
222,34,3,2023-12-10 23:13:10.243902436
251,8,1,2023-08-14 19:42:26.341463412
313,21,2,2023-09-22 17:57:04.390243900
112,34,5,2023-08-24 20:05:51.219512192
255,4,1,2023-02-25 18:32:11.707317073
303,25,1,2023-04-06 14:38:02.926829268
207,15,2,2023-03-10 17:57:04.390243902
229,4,3,2023-05-06 21:16:05.853658536
341,12,1,2023-03-26 21:51:13.170731707
398,32,5,2023-03-23 22:49:45.365853658
66,32,1,2023-12-15 17:57:04.390243900
75,28,5,2023-06-17 13:04:23.414634146
103,13,4,2023-12-30 13:04:23.414634144
192,31,4,2023-08-29 14:49:45.365853656
252,14,5,2023-12-21 05:04:23.414634144
226,20,3,2023-06-26 21:04:23.414634146
294,18,1,2023-09-26 20:17:33.658536584
306,29,1,2023-01-22 15:01:27.804878048
98,6,4,2023-06-30 07:01:27.804878048
338,32,5,2023-08-24 09:10:14.634146340
286,29,1,2023-10-08 05:27:48.292682924
335,2,1,2023-05-16 10:43:54.146341462
347,23,3,2023-09-28 05:04:23.414634144
308,19,2,2023-10-09 03:19:01.463414632
249,31,4,2023-08-01 14:49:45.365853656
166,5,4,2023-08-31 05:04:23.414634144
335,19,2,2023-11-14 02:32:11.707317072
30,34,1,2023-02-11 04:52:40.975609756
247,10,3,2023-07-20 07:48:17.560975608
106,25,3,2023-06-30 17:57:04.390243902
51,2,4,2023-08-08 16:11:42.439024388
81,11,3,2023-11-08 15:24:52.682926828
133,31,2,2023-08-26 21:16:05.853658536
285,15,1,2023-12-02 07:36:35.121951216
388,9,2,2023-11-16 03:42:26.341463412
138,23,5,2023-03-17 02:55:36.585365853
184,19,4,2023-09-17 17:45:21.951219512
330,9,3,2023-07-05 23:36:35.121951218
273,35,5,2023-03-09 03:42:26.341463414
340,21,3,2023-08-18 22:02:55.609756096
69,9,1,2023-05-01 15:36:35.121951218
34,28,1,2023-11-15 05:51:13.170731704
262,7,1,2023-06-25 12:17:33.658536584
53,16,3,2023-09-21 20:05:51.219512192
205,16,5,2023-11-04 18:32:11.707317072
126,33,1,2023-03-29 15:24:52.682926829
235,4,5,2023-06-11 15:01:27.804878048
43,4,3,2023-09-12 23:01:27.804878048
240,39,5,2023-08-03 10:32:11.707317072
371,40,3,2023-05-08 00:35:07.317073170
111,17,3,2023-03-14 20:17:33.658536585
249,37,4,2023-03-20 23:48:17.560975609
151,39,3,2023-12-22 19:19:01.463414632
183,29,3,2023-06-13 21:39:30.731707316
336,36,2,2023-08-03 16:00:00.000000000
95,38,1,2023-07-26 11:19:01.463414634
374,39,4,2023-03-11 10:20:29.268292683
400,37,4,2023-07-19 20:52:40.975609756
8,35,4,2023-04-04 02:32:11.707317073
388,7,2,2023-03-16 05:04:23.414634146
360,27,3,2023-01-01 16:23:24.878048780
388,28,1,2023-03-19 09:33:39.512195122
184,22,5,2023-09-29 02:55:36.585365852
281,14,3,2023-07-26 05:51:13.170731706
195,7,2,2023-11-09 07:48:17.560975608
352,37,3,2023-01-20 19:19:01.463414634
195,22,3,2023-11-19 19:07:19.024390244
155,5,2,2023-07-30 19:07:19.024390244
93,2,4,2023-02-25 13:04:23.414634146
160,27,4,2023-09-18 04:40:58.536585364
61,21,1,2023-03-10 12:29:16.097560975
122,38,1,2023-01-04 09:57:04.390243902
51,15,4,2023-02-02 13:16:05.853658536
277,21,5,2023-07-16 10:55:36.585365852
5,10,3,2023-09-30 11:42:26.341463412
92,23,5,2023-03-13 16:58:32.195121951
170,39,3,2023-02-13 22:26:20.487804878
317,5,4,2023-01-30 08:46:49.756097561
22,1,1,2023-12-08 16:35:07.317073168
326,13,1,2023-09-07 17:21:57.073170732
1,21,5,2023-11-19 08:11:42.439024388
133,26,1,2023-07-09 15:01:27.804878048
233,21,4,2023-11-09 02:20:29.268292680
12,18,5,2023-12-28 11:54:08.780487804
346,37,3,2023-08-06 20:29:16.097560976
46,32,1,2023-03-18 22:38:02.926829268
34,36,2,2023-11-20 11:30:43.902439024
78,17,1,2023-02-12 19:07:19.024390243
218,35,3,2023-07-13 22:49:45.365853658
301,11,5,2023-08-11 20:40:58.536585364
73,21,3,2023-10-30 12:52:40.975609756
282,26,2,2023-09-29 13:51:13.170731704
249,4,4,2023-09-21 09:10:14.634146340
47,34,1,2023-04-19 14:02:55.609756098
121,18,5,2023-04-22 07:36:35.121951218
214,40,4,2023-02-03 05:39:30.731707317
239,35,3,2023-05-12 19:19:01.463414634
56,29,5,2023-01-31 12:05:51.219512195
350,29,4,2023-05-18 22:49:45.365853658
107,38,5,2023-11-23 05:04:23.414634144
319,21,2,2023-12-13 16:46:49.756097560
48,13,2,2023-09-26 03:54:08.780487804
61,17,1,2023-05-14 20:29:16.097560974
337,9,1,2023-11-02 11:54:08.780487804
26,1,2,2023-03-10 01:33:39.512195122
292,2,5,2023-07-10 01:57:04.390243902
257,29,2,2023-08-05 22:38:02.926829268
8,33,1,2023-11-10 16:35:07.317073168
113,10,2,2023-06-03 21:16:05.853658536
355,40,2,2023-05-14 09:33:39.512195122
253,21,5,2023-05-26 00:11:42.439024390
180,28,4,2023-07-14 09:45:21.951219512
207,11,1,2023-10-31 16:11:42.439024388
303,34,5,2023-04-28 11:07:19.024390244
127,8,2,2023-07-13 06:26:20.487804878
56,22,2,2023-01-12 03:42:26.341463414
214,8,4,2023-12-06 09:57:04.390243900
14,15,1,2023-09-15 05:39:30.731707316
28,17,1,2023-01-02 19:42:26.341463414
78,23,3,2023-02-03 11:07:19.024390243
216,24,1,2023-04-11 03:54:08.780487804
386,19,4,2023-03-18 00:46:49.756097561
365,5,3,2023-08-30 01:45:21.951219512
154,32,3,2023-09-04 18:20:29.268292680
14,1,2,2023-05-13 06:14:38.048780488
187,23,2,2023-05-05 23:24:52.682926828
312,37,1,2023-07-28 01:33:39.512195120
371,8,3,2023-06-18 21:51:13.170731706
7,13,2,2023-09-08 20:40:58.536585364
3,8,4,2023-12-04 14:14:38.048780488
111,23,2,2023-12-20 23:36:35.121951216
238,1,2,2023-10-23 11:30:43.902439024
363,24,3,2023-06-07 07:13:10.243902438
239,35,3,2023-05-02 08:00:00.000000000
274,24,5,2023-08-17 13:16:05.853658536
294,17,4,2023-02-20 01:57:04.390243902
227,5,3,2023-07-21 11:07:19.024390242
371,20,1,2023-12-18 16:58:32.195121948
15,21,4,2023-04-07 23:24:52.682926829
192,40,4,2023-05-29 10:08:46.829268292
119,31,3,2023-01-08 12:17:33.658536585
28,36,4,2023-10-20 23:24:52.682926828
202,11,3,2023-06-28 22:14:38.048780486
39,15,2,2023-01-11 00:23:24.878048780
273,19,5,2023-11-01 03:07:19.024390244
231,7,2,2023-07-17 08:46:49.756097560
86,28,3,2023-08-05 00:46:49.756097560
126,5,3,2023-08-08 10:43:54.146341464
300,5,2,2023-09-30 17:10:14.634146340
25,30,1,2023-09-01 08:23:24.878048780
145,32,1,2023-12-18 22:26:20.487804876
13,8,1,2023-07-28 17:57:04.390243900
212,10,3,2023-07-24 04:40:58.536585364
25,38,4,2023-02-07 02:32:11.707317073
68,32,3,2023-12-25 07:24:52.682926828
394,28,4,2023-07-10 12:52:40.975609756
67,17,2,2023-12-15 23:24:52.682926828
233,31,5,2023-12-23 11:42:26.341463412
109,8,4,2023-03-06 15:36:35.121951219
146,40,1,2023-08-19 03:30:43.902439024
111,25,3,2023-10-16 15:36:35.121951220
228,9,2,2023-01-06 22:02:55.609756097
111,2,1,2023-02-07 08:00:00.000000000
34,15,2,2023-01-15 08:11:42.439024390
111,3,5,2023-01-05 13:16:05.853658536
264,36,3,2023-05-21 10:55:36.585365852
369,4,3,2023-04-15 17:10:14.634146340
236,14,5,2023-02-21 16:11:42.439024390
83,25,3,2023-02-14 03:54:08.780487804
42,10,4,2023-07-01 04:52:40.975609756
101,21,2,2023-08-09 14:02:55.609756096
6,36,1,2023-04-01 19:54:08.780487804
180,12,5,2023-11-24 08:23:24.878048780
282,27,4,2023-08-29 09:21:57.073170732
320,40,1,2023-11-01 14:02:55.609756096
226,2,1,2023-11-07 06:38:02.926829268
315,13,5,2023-07-02 19:07:19.024390242
365,32,4,2023-12-12 18:55:36.585365852
229,31,1,2023-01-21 06:14:38.048780487
377,16,1,2023-04-29 03:30:43.902439024
289,32,4,2023-12-23 00:46:49.756097560
150,32,3,2023-09-14 02:20:29.268292680
277,34,1,2023-04-16 15:01:27.804878048
198,11,2,2023-02-27 08:46:49.756097561
70,10,4,2023-01-04 15:24:52.682926829
112,15,1,2023-02-01 20:52:40.975609756
4,17,5,2023-01-03 12:05:51.219512195
350,40,2,2023-07-22 19:54:08.780487804
331,18,1,2023-08-16 09:57:04.390243900
318,9,2,2023-09-28 16:00:00.000000000
350,25,2,2023-06-09 19:19:01.463414634
95,40,3,2023-10-04 19:30:43.902439024
152,14,2,2023-05-15 07:24:52.682926828
311,25,3,2023-03-06 04:40:58.536585366
137,22,4,2023-12-09 03:30:43.902439024
247,30,3,2023-05-26 22:02:55.609756096
387,20,5,2023-08-16 04:29:16.097560976
243,21,1,2023-09-10 00:00:00.000000000
31,32,4,2023-03-09 14:38:02.926829268
40,21,4,2023-03-10 23:24:52.682926829
229,35,5,2023-02-24 04:17:33.658536585
36,32,3,2023-04-08 21:16:05.853658536
223,30,1,2023-04-22 13:04:23.414634146
6,39,3,2023-11-21 03:54:08.780487804
322,12,2,2023-03-01 09:57:04.390243902
220,18,3,2023-05-30 02:32:11.707317072
75,21,4,2023-09-23 15:48:17.560975608
4,13,1,2023-08-19 08:58:32.195121952
335,21,3,2023-04-20 17:21:57.073170732
134,8,1,2023-02-24 15:13:10.243902439
118,40,1,2023-06-28 05:51:13.170731706
369,7,2,2023-08-20 17:45:21.951219512
94,23,2,2023-01-13 01:33:39.512195121
62,32,4,2023-08-11 09:45:21.951219512
194,11,5,2023-07-04 03:54:08.780487804
335,22,1,2023-01-28 07:36:35.121951219
203,22,5,2023-11-19 13:39:30.731707316
392,25,4,2023-02-28 12:05:51.219512195
26,22,1,2023-07-23 06:49:45.365853658
173,28,1,2023-10-18 00:23:24.878048780
300,29,5,2023-11-27 18:20:29.268292680
133,13,3,2023-06-05 16:58:32.195121950
326,18,2,2023-10-31 05:16:05.853658536
118,2,3,2023-01-23 07:24:52.682926829
324,29,5,2023-12-20 07:13:10.243902436
275,21,2,2023-01-27 04:17:33.658536585
212,15,3,2023-09-06 08:35:07.317073168
225,27,2,2023-12-05 23:01:27.804878048
20,31,1,2023-03-27 03:19:01.463414634
113,15,3,2023-10-12 07:48:17.560975608
140,23,2,2023-11-21 09:21:57.073170732
47,24,2,2023-06-13 05:16:05.853658536
1,13,2,2023-12-03 21:51:13.170731704
90,22,3,2023-04-23 10:55:36.585365854
142,37,4,2023-10-26 16:00:00.000000000
320,33,3,2023-07-30 02:43:54.146341464
38,3,5,2023-03-05 17:45:21.951219512
293,19,3,2023-10-14 03:30:43.902439024
382,23,2,2023-10-24 14:49:45.365853656
139,29,1,2023-09-01 13:51:13.170731708
356,30,3,2023-09-06 14:02:55.609756096
333,39,3,2023-01-29 05:27:48.292682926
259,25,2,2023-11-25 17:10:14.634146340
161,37,1,2023-07-11 05:16:05.853658536
390,8,1,2023-02-26 21:51:13.170731707
178,16,5,2023-01-26 11:54:08.780487804
10,8,3,2023-02-20 23:48:17.560975609
261,1,1,2023-05-17 03:07:19.024390244
138,5,1,2023-01-18 01:45:21.951219512
172,3,4,2023-12-08 00:11:42.439024388
386,1,4,2023-06-23 11:07:19.024390244
13,4,1,2023-08-10 06:26:20.487804876
168,40,5,2023-06-27 02:32:11.707317072
130,35,1,2023-06-22 13:16:05.853658536
84,32,2,2023-02-03 22:02:55.609756097
321,34,3,2023-04-14 02:55:36.585365853
319,25,5,2023-10-19 20:05:51.219512192
101,10,2,2023-11-17 23:24:52.682926828
329,21,5,2023-12-17 08:11:42.439024388
273,39,2,2023-07-03 22:26:20.487804878
265,27,3,2023-10-06 09:45:21.951219512
399,27,3,2023-08-07 01:57:04.390243900
38,2,4,2023-09-12 17:33:39.512195120
94,13,2,2023-07-04 09:21:57.073170730
95,9,4,2023-07-09 20:29:16.097560974
305,36,2,2023-11-06 03:19:01.463414632
69,22,4,2023-03-27 08:46:49.756097561
318,26,3,2023-05-22 19:42:26.341463414
236,12,5,2023-11-12 06:49:45.365853656
334,17,4,2023-10-12 02:20:29.268292680
373,14,2,2023-11-29 03:07:19.024390244
376,14,2,2023-03-07 08:00:00.000000000
137,34,3,2023-11-07 17:33:39.512195120
76,20,2,2023-07-28 23:24:52.682926828
35,11,1,2023-09-12 01:10:14.634146340
1,16,5,2023-08-22 18:55:36.585365852
296,31,4,2023-05-21 21:51:13.170731706
320,6,5,2023-04-23 05:27:48.292682926
60,19,3,2023-03-21 10:43:54.146341463
320,37,4,2023-04-13 21:27:48.292682926
349,4,4,2023-05-31 16:46:49.756097560
328,4,1,2023-02-09 03:42:26.341463414
267,20,3,2023-09-21 14:38:02.926829268
361,10,2,2023-05-10 23:36:35.121951218
229,24,1,2023-04-07 01:33:39.512195121
270,35,1,2023-11-17 12:29:16.097560976
316,26,5,2023-07-20 13:16:05.853658536
286,37,5,2023-05-30 13:27:48.292682926
291,38,5,2023-07-01 10:20:29.268292682
213,21,1,2023-08-10 22:49:45.365853656
165,40,2,2023-09-19 08:00:00.000000000
5,39,4,2023-11-01 08:35:07.317073168
339,21,5,2023-01-24 05:16:05.853658536
379,10,2,2023-03-26 05:27:48.292682926
78,38,3,2023-07-19 04:29:16.097560974
62,4,5,2023-05-13 11:42:26.341463414
132,20,4,2023-08-07 18:20:29.268292680
89,17,3,2023-12-22 08:23:24.878048780
237,7,3,2023-02-05 23:13:10.243902439
42,4,4,2023-02-08 16:46:49.756097561
89,29,5,2023-06-30 01:33:39.512195122
296,14,1,2023-01-31 17:33:39.512195122
328,3,4,2023-11-30 11:54:08.780487804
295,24,4,2023-06-25 06:49:45.365853658
104,37,4,2023-02-23 17:21:57.073170731
14,16,3,2023-07-15 02:08:46.829268292
288,4,2,2023-10-15 06:49:45.365853656
179,24,1,2023-10-12 13:16:05.853658536
125,34,5,2023-12-24 15:01:27.804878048
353,30,5,2023-07-03 16:58:32.195121950
23,18,2,2023-04-16 04:05:51.219512194
63,19,4,2023-07-20 02:20:29.268292682
143,31,1,2023-04-01 08:58:32.195121951
153,19,5,2023-09-20 00:23:24.878048780
145,19,5,2023-07-07 19:19:01.463414634
225,22,4,2023-09-22 23:24:52.682926828
309,24,2,2023-07-01 21:16:05.853658536
104,12,1,2023-03-22 14:02:55.609756097
104,30,2,2023-12-30 07:36:35.121951216
39,38,2,2023-09-02 06:14:38.048780488
198,31,1,2023-03-24 09:45:21.951219512
134,36,1,2023-02-02 18:43:54.146341463
67,19,5,2023-03-28 12:05:51.219512195
391,36,5,2023-01-10 18:55:36.585365853
179,30,1,2023-04-09 02:43:54.146341463
42,33,3,2023-01-28 13:04:23.414634146
15,18,5,2023-10-29 09:33:39.512195120
111,28,3,2023-04-06 03:42:26.341463414
157,11,1,2023-08-17 07:48:17.560975608
289,33,5,2023-06-20 17:33:39.512195122
231,17,2,2023-05-11 16:00:00.000000000
157,6,1,2023-01-05 02:20:29.268292682
38,4,4,2023-11-30 22:49:45.365853656
97,20,3,2023-05-07 08:11:42.439024390
289,27,1,2023-11-24 13:51:13.170731704
254,15,1,2023-07-25 07:59:59.999999998
196,6,5,2023-11-29 08:35:07.317073168
86,14,5,2023-04-30 12:17:33.658536584
322,11,5,2023-06-28 11:19:01.463414634
10,39,4,2023-02-03 00:11:42.439024390
5,9,5,2023-06-21 09:57:04.390243902
123,26,1,2023-05-10 18:08:46.829268292
330,16,5,2023-06-11 09:33:39.512195122
353,5,2,2023-11-17 01:33:39.512195120
118,10,5,2023-08-13 05:27:48.292682924
294,3,4,2023-10-30 18:20:29.268292680
397,13,2,2023-01-06 16:35:07.317073170
159,30,1,2023-04-03 10:08:46.829268292
303,6,1,2023-05-10 12:40:58.536585366
228,17,3,2023-08-12 07:36:35.121951220
365,19,2,2023-12-10 17:45:21.951219512
216,35,3,2023-09-04 12:52:40.975609756
184,26,2,2023-06-03 10:20:29.268292682
15,5,2,2023-08-20 01:21:57.073170732
157,29,4,2023-04-05 05:51:13.170731707
136,37,3,2023-03-03 00:11:42.439024390
261,20,4,2023-05-29 21:04:23.414634146
157,21,2,2023-12-25 23:48:17.560975608
47,10,1,2023-03-25 02:08:46.829268292
324,5,2,2023-02-06 21:04:23.414634146
332,36,4,2023-06-25 23:13:10.243902438
173,6,3,2023-04-08 10:20:29.268292682
130,26,3,2023-05-15 01:57:04.390243902
95,4,4,2023-04-23 16:23:24.878048780
115,39,3,2023-11-27 01:57:04.390243900
243,39,5,2023-02-07 13:27:48.292682926
292,35,1,2023-05-30 08:00:00.000000000
282,1,1,2023-05-17 19:30:43.902439024
299,24,1,2023-05-01 04:40:58.536585366
283,36,3,2023-06-09 13:51:13.170731706
69,6,3,2023-01-02 14:14:38.048780487
148,31,2,2023-05-19 20:40:58.536585366
11,20,2,2023-06-04 02:43:54.146341462
254,24,1,2023-01-05 18:43:54.146341463
330,25,5,2023-10-08 10:55:36.585365852
360,36,2,2023-04-02 23:13:10.243902439
38,21,2,2023-06-07 18:08:46.829268292
134,30,3,2023-12-15 01:33:39.512195120
200,24,5,2023-12-20 18:08:46.829268292
23,30,1,2023-03-29 09:57:04.390243902
303,22,2,2023-01-26 00:58:32.195121951
346,28,5,2023-05-06 10:20:29.268292682
302,7,5,2023-03-05 01:21:57.073170731
363,35,1,2023-11-07 01:10:14.634146340
396,28,5,2023-07-14 20:40:58.536585364
218,14,5,2023-05-04 09:10:14.634146340
141,10,5,2023-06-03 04:52:40.975609756
104,16,2,2023-06-08 16:00:00.000000000
210,16,1,2023-12-17 13:39:30.731707316
111,31,5,2023-04-14 19:19:01.463414634
104,25,5,2023-11-27 12:52:40.975609756
316,13,2,2023-06-16 09:45:21.951219512
171,6,1,2023-07-23 01:21:57.073170730
356,9,3,2023-08-07 07:24:52.682926828
324,36,2,2023-07-22 14:26:20.487804878
133,20,1,2023-12-05 01:10:14.634146340
376,18,5,2023-07-11 21:39:30.731707316
293,21,1,2023-01-25 08:35:07.317073170
328,4,1,2023-01-07 14:26:20.487804878
127,33,1,2023-07-06 05:04:23.414634146
106,27,3,2023-03-23 17:21:57.073170731
92,7,1,2023-06-20 23:01:27.804878048
287,6,3,2023-05-13 22:38:02.926829268
378,15,5,2023-10-05 17:21:57.073170732
393,18,3,2023-07-17 19:42:26.341463414
51,32,5,2023-11-03 15:13:10.243902436
29,11,5,2023-04-11 14:49:45.365853658
296,20,3,2023-01-13 12:29:16.097560975
297,24,2,2023-05-05 17:57:04.390243902
214,15,4,2023-03-12 13:39:30.731707317
267,7,1,2023-11-21 20:17:33.658536584
257,21,4,2023-01-01 21:51:13.170731707
302,26,1,2023-10-19 09:10:14.634146340
101,14,1,2023-05-11 05:04:23.414634146
346,37,5,2023-02-15 23:36:35.121951219
110,21,1,2023-04-25 06:38:02.926829268
182,18,1,2023-08-18 11:07:19.024390244
313,5,3,2023-12-14 20:05:51.219512192
1,3,4,2023-12-19 03:54:08.780487804
319,23,3,2023-02-01 04:29:16.097560975
55,26,1,2023-10-15 23:13:10.243902436
371,37,5,2023-11-15 22:14:38.048780488
399,24,3,2023-07-18 06:38:02.926829268
149,19,3,2023-06-15 00:58:32.195121950
309,25,2,2023-11-22 18:08:46.829268292
137,21,1,2023-12-21 21:27:48.292682924
202,12,5,2023-12-26 21:39:30.731707316
313,33,3,2023-01-21 11:42:26.341463414
117,4,3,2023-11-24 19:19:01.463414632
154,7,5,2023-09-16 08:58:32.195121948
291,22,1,2023-07-18 23:01:27.804878048
63,33,2,2023-05-23 01:10:14.634146340
244,17,3,2023-01-16 16:58:32.195121951
25,24,2,2023-07-22 08:58:32.195121950
90,34,4,2023-07-22 03:30:43.902439024
75,28,1,2023-08-12 18:32:11.707317072
294,39,4,2023-06-29 09:10:14.634146340
386,22,4,2023-08-27 13:39:30.731707316
391,17,4,2023-08-10 17:21:57.073170732
210,34,1,2023-08-04 13:51:13.170731708
347,6,1,2023-07-19 15:24:52.682926828
17,6,5,2023-02-26 16:23:24.878048780
128,34,2,2023-09-23 10:20:29.268292680
364,1,2,2023-03-08 16:46:49.756097561
251,10,5,2023-07-21 00:11:42.439024390
179,21,5,2023-04-12 07:13:10.243902439
182,5,4,2023-11-26 15:01:27.804878048
152,2,5,2023-10-27 19:19:01.463414632
25,22,3,2023-08-13 00:00:00.000000000
180,2,2,2023-02-03 16:35:07.317073170
198,10,5,2023-06-02 07:01:27.804878048
344,34,3,2023-10-16 21:04:23.414634144
161,16,3,2023-01-30 03:19:01.463414634
177,39,3,2023-03-25 13:04:23.414634146
285,22,3,2023-02-11 10:20:29.268292682
63,12,4,2023-01-20 13:51:13.170731707
150,24,3,2023-12-16 04:52:40.975609756
154,40,4,2023-11-22 01:45:21.951219512
156,38,4,2023-07-13 17:21:57.073170730
370,10,3,2023-04-09 13:39:30.731707317
49,35,2,2023-03-21 16:11:42.439024390
337,32,3,2023-02-06 15:36:35.121951219
84,7,3,2023-10-31 21:39:30.731707316
361,21,3,2023-01-24 16:11:42.439024390
177,20,2,2023-11-05 21:51:13.170731704
148,26,1,2023-09-27 23:36:35.121951220
118,4,1,2023-03-03 11:07:19.024390244
342,22,4,2023-09-16 14:26:20.487804876
63,15,4,2023-04-16 09:33:39.512195122
189,40,2,2023-10-25 07:13:10.243902436
360,21,5,2023-10-05 06:26:20.487804876
49,15,1,2023-08-23 00:23:24.878048780
327,22,4,2023-02-04 08:58:32.195121951
257,28,1,2023-12-21 10:32:11.707317072
224,14,2,2023-08-24 03:42:26.341463412
141,27,2,2023-07-28 07:01:27.804878048
215,40,5,2023-10-25 01:45:21.951219512
379,28,5,2023-09-07 11:54:08.780487804
211,26,2,2023-08-16 20:52:40.975609756
318,2,4,2023-05-24 04:29:16.097560974
32,25,1,2023-04-26 20:52:40.975609756
158,3,3,2023-07-29 04:52:40.975609756
285,8,5,2023-10-17 18:55:36.585365852
305,33,3,2023-07-02 08:11:42.439024390
286,35,4,2023-05-03 00:23:24.878048780
144,6,5,2023-06-20 06:38:02.926829268
19,39,3,2023-05-29 15:36:35.121951218
18,23,4,2023-11-05 10:55:36.585365852
257,25,1,2023-10-26 05:04:23.414634144
78,19,4,2023-11-11 19:54:08.780487804
371,5,5,2023-12-19 20:17:33.658536584
175,11,2,2023-03-25 07:36:35.121951219
194,12,1,2023-01-31 23:01:27.804878048
113,10,3,2023-07-29 21:16:05.853658536
114,8,5,2023-07-24 15:36:35.121951218
222,24,2,2023-03-26 00:00:00.000000000
166,28,4,2023-04-18 05:16:05.853658536
319,36,2,2023-08-09 03:07:19.024390244
132,37,5,2023-04-15 11:42:26.341463414
385,21,5,2023-12-22 02:55:36.585365852
264,8,2,2023-05-19 09:45:21.951219512
55,9,4,2023-07-05 12:40:58.536585364
359,15,2,2023-02-17 13:51:13.170731707
131,40,5,2023-07-23 23:13:10.243902438
288,18,5,2023-06-30 23:24:52.682926828
266,20,3,2023-02-27 03:19:01.463414634
366,6,3,2023-10-03 05:16:05.853658536
162,12,1,2023-01-19 16:00:00.000000000
380,2,5,2023-06-09 02:55:36.585365852
87,7,3,2023-12-30 02:08:46.829268292
55,16,2,2023-10-12 18:43:54.146341460
288,3,4,2023-09-14 18:43:54.146341464
178,3,2,2023-08-11 04:17:33.658536584
391,27,4,2023-10-26 10:32:11.707317072
349,40,3,2023-11-23 21:27:48.292682924
8,38,1,2023-10-22 02:43:54.146341460
321,33,2,2023-01-13 23:24:52.682926829
313,28,2,2023-10-28 22:38:02.926829268
247,1,2,2023-02-10 01:33:39.512195122
323,8,4,2023-12-23 06:14:38.048780488
255,37,3,2023-10-16 10:08:46.829268292
328,32,2,2023-03-08 11:19:01.463414634
54,37,2,2023-09-17 23:13:10.243902436
249,4,1,2023-08-28 06:02:55.609756096
239,30,1,2023-12-28 06:26:20.487804876
229,6,3,2023-09-24 08:11:42.439024388
67,19,3,2023-08-23 05:51:13.170731708
51,32,5,2023-11-18 04:52:40.975609756
97,9,1,2023-06-01 20:05:51.219512194
92,12,5,2023-11-29 14:02:55.609756096
264,11,4,2023-01-24 10:43:54.146341463
291,16,5,2023-09-05 05:16:05.853658536
96,1,2,2023-09-17 01:21:57.073170732
88,21,5,2023-09-24 19:07:19.024390244
78,30,3,2023-07-05 18:08:46.829268292
288,13,4,2023-07-14 15:13:10.243902438
120,34,2,2023-11-18 21:16:05.853658536
302,4,5,2023-12-26 16:11:42.439024388
400,28,4,2023-12-20 12:40:58.536585364
165,38,4,2023-10-13 22:02:55.609756096
182,31,2,2023-07-06 21:27:48.292682926
398,27,5,2023-04-24 08:46:49.756097560
223,5,4,2023-02-13 11:30:43.902439024
311,25,4,2023-04-23 00:00:00.000000000
7,3,1,2023-05-20 13:04:23.414634146
330,33,4,2023-08-04 02:55:36.585365852
263,4,1,2023-03-19 15:01:27.804878048
161,25,5,2023-03-30 13:16:05.853658536
151,20,5,2023-04-07 07:01:27.804878048
85,34,5,2023-06-16 15:13:10.243902438
147,26,3,2023-04-25 23:01:27.804878048
112,5,5,2023-04-05 11:19:01.463414634
381,35,4,2023-03-03 22:02:55.609756097
36,28,2,2023-07-16 05:27:48.292682926
285,29,1,2023-05-20 18:32:11.707317072
188,9,3,2023-02-01 09:57:04.390243902
82,38,5,2023-07-20 18:43:54.146341462
2,6,5,2023-08-31 10:32:11.707317072
385,19,2,2023-10-13 16:35:07.317073168
303,11,2,2023-01-25 03:07:19.024390243
197,2,3,2023-11-02 22:49:45.365853656
11,9,1,2023-10-21 21:16:05.853658536
234,21,5,2023-10-04 03:07:19.024390244
386,24,3,2023-12-11 04:40:58.536585364
195,34,4,2023-07-25 13:27:48.292682926
119,22,4,2023-08-05 17:10:14.634146340
396,3,3,2023-12-17 02:43:54.146341460
20,12,5,2023-08-10 11:54:08.780487804
261,28,3,2023-12-13 11:19:01.463414632
293,30,5,2023-02-01 15:24:52.682926829
256,26,2,2023-10-21 04:52:40.975609756
222,21,3,2023-09-13 04:29:16.097560976
393,28,5,2023-06-18 00:00:00.000000000
226,26,3,2023-08-31 21:27:48.292682924
53,33,3,2023-08-22 02:32:11.707317072
355,21,5,2023-11-13 10:08:46.829268292
342,35,5,2023-05-28 12:17:33.658536584
364,34,1,2023-12-08 11:07:19.024390244
280,18,3,2023-04-05 16:46:49.756097560
81,11,4,2023-07-30 13:39:30.731707316
202,23,3,2023-03-29 04:29:16.097560975
158,22,3,2023-04-17 23:48:17.560975610
120,17,5,2023-05-09 09:21:57.073170732
59,5,3,2023-04-19 19:30:43.902439024
215,11,3,2023-11-12 17:45:21.951219512
128,30,4,2023-06-12 07:24:52.682926828
224,15,5,2023-10-01 20:29:16.097560976
209,27,3,2023-10-06 15:13:10.243902436
370,35,2,2023-02-02 07:48:17.560975609
115,33,1,2023-05-23 17:33:39.512195122
209,20,4,2023-12-26 05:16:05.853658536
14,16,3,2023-12-18 00:35:07.317073168
9,34,2,2023-05-31 05:51:13.170731706
40,2,3,2023-05-18 17:21:57.073170732
237,35,3,2023-09-29 19:19:01.463414632
281,40,5,2023-12-01 20:40:58.536585364
359,28,5,2023-11-06 19:42:26.341463412
201,39,5,2023-09-12 06:38:02.926829268
246,6,2,2023-02-23 22:49:45.365853658
278,9,3,2023-04-24 03:19:01.463414634
235,20,1,2023-12-12 08:00:00.000000000
4,1,4,2023-01-03 17:33:39.512195121
154,8,5,2023-07-18 01:10:14.634146340
29,23,5,2023-10-25 23:36:35.121951220
109,3,3,2023-07-27 14:38:02.926829268
98,4,3,2023-06-14 03:07:19.024390244
215,25,2,2023-12-13 05:51:13.170731704
293,38,2,2023-08-22 08:00:00.000000000
75,15,5,2023-07-21 16:35:07.317073170
326,21,3,2023-10-22 19:07:19.024390244
146,35,1,2023-02-05 06:49:45.365853658
128,14,4,2023-12-17 19:07:19.024390244
341,36,3,2023-06-27 13:27:48.292682926
42,12,3,2023-12-09 19:54:08.780487804
356,17,2,2023-09-16 03:30:43.902439024
41,39,4,2023-03-13 11:30:43.902439024
34,9,5,2023-03-16 10:32:11.707317073
17,35,3,2023-10-24 09:21:57.073170732
165,13,5,2023-01-25 14:02:55.609756097
153,15,3,2023-11-04 13:04:23.414634144
378,18,5,2023-09-04 01:57:04.390243900
76,33,4,2023-10-23 00:35:07.317073168
87,6,2,2023-07-27 03:42:26.341463414
117,27,4,2023-04-20 06:26:20.487804878
362,23,1,2023-07-31 22:26:20.487804876
342,27,2,2023-03-18 11:42:26.341463414
27,34,4,2023-06-12 23:48:17.560975608
313,38,1,2023-04-24 14:14:38.048780488
287,14,3,2023-03-04 14:26:20.487804878
134,36,3,2023-08-02 07:13:10.243902436
219,8,5,2023-05-26 05:39:30.731707316
168,35,2,2023-04-30 06:49:45.365853658
98,19,3,2023-03-30 02:20:29.268292682
268,30,2,2023-11-22 07:13:10.243902436
237,14,3,2023-03-28 23:01:27.804878048
309,20,5,2023-06-23 05:39:30.731707316
394,25,4,2023-06-14 19:30:43.902439024
173,40,5,2023-06-24 03:30:43.902439024
190,24,1,2023-03-07 02:32:11.707317073
122,14,3,2023-09-19 18:55:36.585365852
46,26,1,2023-11-08 09:57:04.390243900
64,38,1,2023-03-11 21:16:05.853658536
130,23,2,2023-10-18 22:14:38.048780488
310,22,3,2023-03-21 05:16:05.853658536
363,19,1,2023-07-08 00:46:49.756097560
193,3,4,2023-10-01 04:05:51.219512192
307,19,1,2023-09-08 04:17:33.658536584
181,9,4,2023-06-08 21:27:48.292682926
292,28,2,2023-03-29 20:52:40.975609756
371,20,1,2023-07-26 00:23:24.878048780
282,7,5,2023-10-07 18:32:11.707317072
29,14,2,2023-01-02 03:19:01.463414634
149,9,4,2023-02-11 21:16:05.853658536
267,19,2,2023-01-17 03:54:08.780487804
296,14,1,2023-02-26 00:00:00.000000000
11,38,3,2023-06-11 20:29:16.097560974
164,36,3,2023-04-06 20:05:51.219512195
113,40,4,2023-08-21 04:40:58.536585364
187,17,4,2023-05-19 04:17:33.658536584
295,30,3,2023-04-03 04:40:58.536585365
232,9,4,2023-06-13 16:11:42.439024390
227,33,2,2023-06-17 18:32:11.707317072
310,25,5,2023-06-22 07:48:17.560975608
98,14,5,2023-10-14 19:54:08.780487804
55,11,2,2023-11-23 16:00:00.000000000
111,35,5,2023-12-02 13:04:23.414634144
152,14,1,2023-01-12 20:05:51.219512195
246,30,2,2023-02-19 20:29:16.097560975
69,4,4,2023-01-28 02:08:46.829268292
312,4,2,2023-11-25 22:38:02.926829268
289,28,3,2023-10-04 08:35:07.317073168
250,8,4,2023-04-21 09:45:21.951219512
36,2,3,2023-10-03 10:43:54.146341464
239,22,4,2023-12-22 13:51:13.170731704
148,16,5,2023-09-07 06:26:20.487804876
227,29,2,2023-09-20 22:14:38.048780488
244,30,1,2023-03-12 08:11:42.439024390
337,12,4,2023-03-03 05:39:30.731707317
365,35,4,2023-02-12 13:39:30.731707317
201,11,3,2023-08-20 06:49:45.365853656
154,21,5,2023-08-11 15:13:10.243902436
73,21,3,2023-11-18 15:48:17.560975608
201,5,3,2023-10-13 00:11:42.439024388
296,20,5,2023-12-24 09:33:39.512195120
17,37,1,2023-07-19 09:57:04.390243902
129,3,3,2023-04-21 20:40:58.536585366
217,33,3,2023-07-08 17:10:14.634146340
61,9,4,2023-02-20 18:20:29.268292682
104,9,5,2023-03-20 07:24:52.682926829
42,4,2,2023-02-12 08:11:42.439024390
25,35,1,2023-12-28 22:49:45.365853656
39,17,1,2023-07-27 09:10:14.634146340
291,34,5,2023-08-25 23:24:52.682926828
131,24,4,2023-01-11 16:46:49.756097560
229,32,4,2023-02-21 10:43:54.146341463
108,1,5,2023-06-23 00:11:42.439024390
172,8,4,2023-11-04 07:36:35.121951216
102,23,1,2023-04-11 20:17:33.658536585
354,40,1,2023-10-08 21:51:13.170731704
12,12,2,2023-08-30 12:40:58.536585364
275,12,5,2023-11-27 07:24:52.682926828
101,15,3,2023-04-12 12:40:58.536585365
44,19,3,2023-02-15 12:40:58.536585365
305,26,2,2023-07-12 03:07:19.024390242
17,29,2,2023-09-09 13:04:23.414634144
330,22,4,2023-08-12 02:08:46.829268292
57,40,2,2023-10-10 12:05:51.219512192
311,21,2,2023-05-31 00:23:24.878048780
303,38,3,2023-01-09 21:04:23.414634146
12,20,4,2023-03-31 05:39:30.731707317
318,29,2,2023-08-29 03:54:08.780487804
80,4,2,2023-07-13 00:58:32.195121950
216,7,4,2023-12-19 09:21:57.073170728
339,28,5,2023-06-04 08:11:42.439024390
264,28,4,2023-12-14 09:10:14.634146340
149,4,3,2023-07-08 22:38:02.926829268
81,22,5,2023-10-22 13:39:30.731707316
215,12,1,2023-12-28 17:21:57.073170728
374,3,4,2023-11-20 16:58:32.195121948
198,22,3,2023-08-01 20:17:33.658536584
200,2,5,2023-08-10 00:58:32.195121952
25,24,4,2023-11-14 08:00:00.000000000
89,34,2,2023-05-01 10:08:46.829268292
268,27,4,2023-06-06 09:21:57.073170730
143,1,1,2023-09-11 03:19:01.463414632
59,8,4,2023-06-29 14:38:02.926829268
365,23,5,2023-06-26 15:36:35.121951218
26,38,5,2023-02-21 05:16:05.853658536
47,6,4,2023-02-11 15:48:17.560975609
288,22,5,2023-02-10 23:24:52.682926829
266,25,2,2023-01-24 21:39:30.731707317
16,18,4,2023-11-29 19:30:43.902439024
199,17,2,2023-07-07 13:51:13.170731706
282,12,2,2023-12-11 10:08:46.829268292
86,6,3,2023-08-14 08:46:49.756097560
250,26,4,2023-06-17 02:08:46.829268292
391,27,5,2023-10-17 02:32:11.707317072
270,8,2,2023-09-05 16:11:42.439024388
335,19,3,2023-09-23 21:16:05.853658536
117,1,4,2023-11-07 23:01:27.804878048
7,29,4,2023-12-01 09:45:21.951219512
